Symbol,Name,Sector
RELIANCE.NS,Reliance Industries,Energy
TCS.NS,Tata Consultancy Services,Technology
HDFCBANK.NS,HDFC Bank,Financial Services
INFY.NS,Infosys,Technology
ICICIBANK.NS,ICICI Bank,Financial Services
HINDUNILVR.NS,Hindustan Unilever,Consumer Defensive
ITC.NS,ITC,Consumer Defensive
SBIN.NS,State Bank of India,Financial Services
BHARTIARTL.NS,Bharti Airtel,Communication Services
KOTAKBANK.NS,Kotak Mahindra Bank,Financial Services
LT.NS,Larsen & Toubro,Industrials
AXISBANK.NS,Axis Bank,Financial Services
BAJFINANCE.NS,Bajaj Finance,Financial Services
ASIANPAINT.NS,Asian Paints,Basic Materials
MARUTI.NS,Maruti Suzuki,Consumer Cyclical
HCLTECH.NS,HCL Technologies,Technology
SUNPHARMA.NS,Sun Pharma,Healthcare
TITAN.NS,Titan Company,Consumer Cyclical
ULTRACEMCO.NS,UltraTech Cement,Basic Materials
WIPRO.NS,Wipro,Technology
NTPC.NS,NTPC,Utilities
ONGC.NS,ONGC,Energy
POWERGRID.NS,Power Grid Corp,Utilities
M&M.NS,Mahindra & Mahindra,Consumer Cyclical
TATASTEEL.NS,Tata Steel,Basic Materials
JSWSTEEL.NS,JSW Steel,Basic Materials
ADANIENT.NS,Adani Enterprises,Industrials
ADANIPORTS.NS,Adani Ports,Industrials
COALINDIA.NS,Coal India,Energy
BAJAJFINSV.NS,Bajaj Finserv,Financial Services
NESTLEIND.NS,Nestle India,Consumer Defensive
TECHM.NS,Tech Mahindra,Technology
INDUSINDBK.NS,IndusInd Bank,Financial Services
HINDALCO.NS,Hindalco,Basic Materials
GRASIM.NS,Grasim Industries,Basic Materials
CIPLA.NS,Cipla,Healthcare
DRREDDY.NS,Dr. Reddy's Labs,Healthcare
EICHERMOT.NS,Eicher Motors,Consumer Cyclical
HEROMOTOCO.NS,Hero MotoCorp,Consumer Cyclical
BPCL.NS,BPCL,Energy
BRITANNIA.NS,Britannia,Consumer Defensive
APOLLOHOSP.NS,Apollo Hospitals,Healthcare
DIVISLAB.NS,Divi's Laboratories,Healthcare
TATACONSUM.NS,Tata Consumer,Consumer Defensive
SBILIFE.NS,SBI Life Insurance,Financial Services
HDFCLIFE.NS,HDFC Life,Financial Services
BAJAJ-AUTO.NS,Bajaj Auto,Consumer Cyclical
TRENT.NS,Trent,Consumer Cyclical
BEL.NS,Bharat Electronics,Industrials
SHRIRAMFIN.NS,Shriram Finance,Financial Services
ETERNAL.NS,Eternal (Zomato),Consumer Cyclical
